{"SAHARAUSDT": 1772362401.9777787, "MIRAUSDT": 1772362404.4969418, "AIXBTUSDT": 1772362407.0269482, "ATHUSDT": 1772362409.5730038, "STGUSDT": 1772362412.1824327, "HOLOUSDT": 1772362414.7087588, "SPXUSDT": 1772362417.3195965, "ESPUSDT": 1772362419.8575203, "STEEMUSDT": 1772362422.391131, "JTOUSDT": 1772362424.9236119, "DENTUSDT": 1772362427.4707286, "MONUSDT": 1772362430.0129278, "LAYERUSDT": 1772362432.5424855, "CYBERUSDT": 1772362435.0758395, "AVNTUSDT": 1772362437.6310694, "KITEUSDT": 1772362890.446422, "NEWTUSDT": 1772362892.9665806, "ENJUSDT": 1772362895.4979057, "DYDXUSDT": 1772362898.060789, "MOODENGUSDT": 1772362900.5889027, "AAVEUSDT": 1772362903.1386187, "WIFUSDT": 1772362905.6621816, "CHZUSDT": 1772362908.214058, "ETHFIUSDT": 1772362910.779768, "JUPUSDT": 1772362913.3049536, "BIOUSDT": 1772362915.8444295, "ZECUSDT": 1772362918.3932416, "GOATUSDT": 1772362920.9192028, "WUSDT": 1772362923.4482894, "VVVUSDT": 1772362925.986264}