{"BIOUSDT": 1772579119.3540547, "BCHUSDT": 1772579121.9323025, "UAIUSDT": 1772579124.532979, "AIXBTUSDT": 1772579127.1128597, "MAGICUSDT": 1772579129.6892726, "KAITOUSDT": 1772579132.2823572, "ARUSDT": 1772579134.8619323, "FILUSDT": 1772579137.4332366, "IOTXUSDT": 1772579140.0302315, "MEMEUSDT": 1772579142.607553, "METISUSDT": 1772579145.1824157, "XPLUSDT": 1772579147.7735698, "ARBUSDT": 1772579150.3643801, "CHZUSDT": 1772579152.9394083, "IOUSDT": 1772579155.533489}