{"BLASTUSDT": 1772780838.3658788, "AGLDUSDT": 1772780840.8612618, "ANKRUSDT": 1772780843.3823123, "VVVUSDT": 1772780845.8826532, "SENTUSDT": 1772780848.393195, "IPUSDT": 1772780850.8997204, "ZORAUSDT": 1772780853.4005032, "ZETAUSDT": 1772780855.9026158, "ARPAUSDT": 1772780858.4181936, "ZROUSDT": 1772780860.9284685, "INITUSDT": 1772780863.5847652, "ICPUSDT": 1772780866.1061804, "STABLEUSDT": 1772780868.6051815, "IOTXUSDT": 1772780871.1088185, "REZUSDT": 1772780873.606366}