{"AGLDUSDT": 1772725566.8578598, "ORCAUSDT": 1772725569.4554324, "ZAMAUSDT": 1772725571.9862869, "COWUSDT": 1772725574.5571284, "HOLOUSDT": 1772725577.1577504, "PIPPINUSDT": 1772725579.6685867, "VVVUSDT": 1772725582.2112072, "ZROUSDT": 1772725584.744802, "SENTUSDT": 1772725587.2649887, "IOTXUSDT": 1772725589.8225098, "ENSOUSDT": 1772725592.3204286, "PEOPLEUSDT": 1772725594.8304667, "VIRTUALUSDT": 1772725597.338698, "AKTUSDT": 1772725599.999344, "C98USDT": 1772725602.4913905}