{"BLURUSDT": 1773187136.2273338, "SPYUSDT": 1773187139.463332, "DYMUSDT": 1773187142.6651697, "LINKUSDT": 1773187145.8813426, "POLUSDT": 1773187149.0841022, "ORCAUSDT": 1773187152.3682864, "MANTRAUSDT": 1773187155.5722024, "PIEVERSEUSDT": 1773187158.2668538, "FOLKSUSDT": 1773187161.5049794, "SAHARAUSDT": 1773187164.2385118, "FFUSDT": 1773187167.5020895, "ASTERUSDT": 1773187170.814258, "XPINUSDT": 1773187173.5469658, "LITUSDT": 1773187176.7355902, "XPDUSDT": 1773187179.949777}