{"1000BONKUSDT": 1773375408.647014, "1MBABYDOGEUSDT": 1773375413.9049315, "2ZUSDT": 1773375415.6812313, "AIXBTUSDT": 1773375429.2069001, "ARBUSDT": 1773375445.9943123, "BABAUSDT": 1773375468.8221493, "BRETTUSDT": 1773375492.8184032, "BROCCOLIUSDT": 1773375495.7315526, "CROSSUSDT": 1773375517.2656224, "CRVUSDT": 1773375520.1670125, "DEXEUSDT": 1773375531.5894055, "DYDXUSDT": 1773375539.1494527, "ETHUSDT": 1773375553.9792385, "FFUSDT": 1773375558.0842493, "FILUSDT": 1773375561.0252438, "FORMUSDT": 1773375567.4737341, "GRTUSDT": 1773375582.0456238, "IOUSDT": 1773375608.381199, "JUPUSDT": 1773375616.1004708, "MORPHOUSDT": 1773375664.7463439, "NEIROCTOUSDT": 1773375678.0100164, "NXPCUSDT": 1773375686.646907, "PHAUSDT": 1773375705.6396396, "POWERUSDT": 1773375716.5644162, "QUSDT": 1773375724.017047, "ROBOUSDT": 1773375735.0811417, "ROSEUSDT": 1773375736.794817, "RUNEUSDT": 1773375740.8958874, "SEIUSDT": 1773375747.1783657, "SENTUSDT": 1773375748.8897023, "SOONUSDT": 1773375763.340186, "SSVUSDT": 1773375771.9675364, "STOUSDT": 1773375777.112989, "STRKUSDT": 1773375778.8941061, "TACUSDT": 1773375788.89878, "VINEUSDT": 1773375821.9194062, "XPLUSDT": 1773375847.3617449, "BABYUSDT": 1773378736.187187, "BANKUSDT": 1773378738.6329772, "BLESSUSDT": 1773378744.9860988, "CYSUSDT": 1773378761.151348, "HEIUSDT": 1773378784.5785515, "MANTRAUSDT": 1773378810.5702019, "MAVUSDT": 1773378812.6376069, "PIPPINUSDT": 1773378838.0897577, "PLUMEUSDT": 1773378840.1618354, "RESOLVUSDT": 1773378849.1930954, "TOWNSUSDT": 1773378877.6080716}