{"XTZUSDT": 1773525141.3366277, "SKYAIUSDT": 1773526409.682148, "PENDLEUSDT": 1773526412.880433, "FFUSDT": 1773526416.0760953, "IOTAUSDT": 1773526419.279489, "VETUSDT": 1773526422.4847472, "ORDIUSDT": 1773526425.6804655, "BLURUSDT": 1773526428.8822446, "AEROUSDT": 1773526432.091395, "NMRUSDT": 1773526435.3141882, "LINKUSDT": 1773526438.5170605, "PARTIUSDT": 1773526441.7124681, "PEPEUSDT": 1773526444.9238195, "INJUSDT": 1773526448.1328971, "ADAUSDT": 1773526451.3232594, "MORPHOUSDT": 1773526454.8033884}