{"NEARUSDT": 1772491853.7048497, "ZROUSDT": 1772491856.234029, "ENSOUSDT": 1772491858.798002, "THETAUSDT": 1772491861.387346, "DENTUSDT": 1772491863.9234822, "GOATUSDT": 1772491866.446287, "IOUSDT": 1772491868.975086, "BCHUSDT": 1772491871.5389583, "APEUSDT": 1772491874.076889, "ENJUSDT": 1772491876.5942786, "JASMYUSDT": 1772491879.1212432, "ATHUSDT": 1772491881.64694, "APTUSDT": 1772491884.1922507, "INJUSDT": 1772491886.721518, "IOTXUSDT": 1772491889.2434864}