{"XTZUSDT": 1773525141.3366277, "SKYAIUSDT": 1773526409.682148, "PENDLEUSDT": 1773526412.880433, "FFUSDT": 1773526416.0760953, "IOTAUSDT": 1773526419.279489, "VETUSDT": 1773526422.4847472, "ORDIUSDT": 1773526425.6804655, "BLURUSDT": 1773526428.8822446, "AEROUSDT": 1773526432.091395, "NMRUSDT": 1773526435.3141882, "LINKUSDT": 1773526438.5170605, "PARTIUSDT": 1773526441.7124681, "PEPEUSDT": 1773526444.9238195, "INJUSDT": 1773526448.1328971, "ADAUSDT": 1773526451.3232594, "MORPHOUSDT": 1773526454.8033884, "EIGENUSDT": 1773527716.2410228, "1000RATSUSDT": 1773527719.128932, "NOMUSDT": 1773527722.0009365, "ARPAUSDT": 1773527724.9082491, "REZUSDT": 1773527727.790195, "POPCATUSDT": 1773527730.6734593, "ORCAUSDT": 1773527733.5689607, "MASKUSDT": 1773527736.4531953, "BABAUSDT": 1773527739.3313718, "KAIAUSDT": 1773527742.2374268, "SEIUSDT": 1773527745.1130092, "CAKEUSDT": 1773527748.0018256, "PENGUUSDT": 1773527750.8862476, "KAVAUSDT": 1773527753.7627418, "TOSHIUSDT": 1773527756.448534, "STBLUSDT": 1773529098.309164, "SUSHIUSDT": 1773529101.1929188, "AUCTIONUSDT": 1773529104.2537987, "MANTAUSDT": 1773529106.8114595, "HBARUSDT": 1773529109.6881845, "TRIAUSDT": 1773529112.2319036, "RPLUSDT": 1773529115.1148505, "ALLOUSDT": 1773529117.6710277, "FLOKIUSDT": 1773529120.543027, "1INCHUSDT": 1773529123.4319296, "CRVUSDT": 1773529126.3201213, "PEOPLEUSDT": 1773529129.1821315, "AAVEUSDT": 1773529132.0630264, "BATUSDT": 1773529134.9792342, "COINUSDT": 1773529137.8590498}