{"NEWTUSDT": 1772428352.052826, "ZROUSDT": 1772428354.6525798, "APTUSDT": 1772428357.26374, "GOATUSDT": 1772428359.8699896, "NEARUSDT": 1772428362.4715898, "LDOUSDT": 1772428365.0775518, "BREVUSDT": 1772428367.6832733, "CYBERUSDT": 1772428370.28384, "JTOUSDT": 1772428372.9314601, "MANAUSDT": 1772428375.537101, "WIFUSDT": 1772428378.1383545, "PUMPUSDT": 1772428380.748058, "LAUSDT": 1772428383.3662426, "AZTECUSDT": 1772428386.0549955, "INITUSDT": 1772428388.6694982}