{"IOTXUSDT": 1772658641.3720608, "BARDUSDT": 1772658643.9320633, "COWUSDT": 1772658646.4506698, "BLASTUSDT": 1772658648.975229, "DASHUSDT": 1772658651.5734265, "VVVUSDT": 1772658654.0941215, "JASMYUSDT": 1772658656.6192384, "RENDERUSDT": 1772658659.1413803, "IPUSDT": 1772658661.6575058, "AZTECUSDT": 1772658664.1929555, "LINEAUSDT": 1772658666.7146347, "ORCAUSDT": 1772658669.2304854, "DOTUSDT": 1772658671.7533429, "APTUSDT": 1772658674.426457, "ENSOUSDT": 1772658676.9495819}