{"SPYUSDT": 1773180394.8583384, "BCHUSDT": 1773180397.6251857, "BOMEUSDT": 1773180400.3993928, "XPDUSDT": 1773180403.2587788, "WLFIUSDT": 1773180406.0263538, "ROSEUSDT": 1773180408.8072364, "LAUSDT": 1773180411.2930565, "SIRENUSDT": 1773180414.0677464, "HUSDT": 1773180416.5819807, "MSTRUSDT": 1773180419.0596786, "BRETTUSDT": 1773180421.5574067, "SKYAIUSDT": 1773180424.0726724, "BERAUSDT": 1773180426.8472228, "METAUSDT": 1773180429.6043665, "TONUSDT": 1773180432.3862364}