{"TONUSDT": 1773259285.8823247, "POLUSDT": 1773259288.8962526, "BCHUSDT": 1773259291.9045913, "ETCUSDT": 1773259294.9105692, "STEEMUSDT": 1773259297.9263024, "ONDOUSDT": 1773259300.9290679, "SKYUSDT": 1773259303.543828, "BLURUSDT": 1773259306.5530353, "GRASSUSDT": 1773259309.5706527, "ZECUSDT": 1773259312.5772657, "JASMYUSDT": 1773259315.5947437, "LINKUSDT": 1773259318.5938675, "AAVEUSDT": 1773259321.602616, "TAOUSDT": 1773259324.6586893, "HBARUSDT": 1773259327.6571345}