{"YGGUSDT": 1772451473.72742, "LAUSDT": 1772451476.2609863, "ZETAUSDT": 1772451478.7887971, "NXPCUSDT": 1772451481.3285728, "APEUSDT": 1772451483.8695385, "VVVUSDT": 1772451486.3988063, "CYBERUSDT": 1772451488.933052, "SENTUSDT": 1772451491.4692197, "NEARUSDT": 1772451494.0190034, "ATHUSDT": 1772451496.5948524, "LYNUSDT": 1772451499.1314843, "SAHARAUSDT": 1772451501.6870096, "NEWTUSDT": 1772451504.2300062, "UMAUSDT": 1772451506.7667718, "IOTXUSDT": 1772451509.2941933, "JTOUSDT": 1772452437.3281503, "ARBUSDT": 1772452440.0263522, "AGLDUSDT": 1772452442.7296133, "AIXBTUSDT": 1772452445.417134, "DYDXUSDT": 1772452448.1313999, "AXLUSDT": 1772452450.8338797, "ZROUSDT": 1772452453.5161595, "GOATUSDT": 1772452456.2065184, "ARUSDT": 1772452458.8978763, "BLURUSDT": 1772452461.7028916, "AZTECUSDT": 1772452464.4019973, "ARPAUSDT": 1772452467.0848236, "GPSUSDT": 1772452469.7734292, "PUMPUSDT": 1772452472.466371, "DENTUSDT": 1772452475.1669312}