{"XMRUSDT": 1773215665.8247192, "ARUSDT": 1773215668.330982, "KASUSDT": 1773215671.1413128, "SANDUSDT": 1773215673.689114, "PEOPLEUSDT": 1773215676.2014513, "DYDXUSDT": 1773215678.7087295, "GRASSUSDT": 1773215681.2594535, "CHZUSDT": 1773215684.0528736, "ICPUSDT": 1773215686.554257, "FETUSDT": 1773215689.082077, "RENDERUSDT": 1773215691.745448, "TNSRUSDT": 1773215694.2493653, "CFXUSDT": 1773215697.0412, "ORDIUSDT": 1773215699.5617044, "MAGICUSDT": 1773215702.2381563}