{"ZROUSDT": 1772633861.1602693, "AZTECUSDT": 1772633863.851524, "IOTXUSDT": 1772633866.655186, "COWUSDT": 1772633869.3965585, "DENTUSDT": 1772633872.1650386, "BIOUSDT": 1772633874.846681, "CHZUSDT": 1772633877.5635512, "RENDERUSDT": 1772633880.2675164, "RECALLUSDT": 1772633882.9537532, "VIRTUALUSDT": 1772633885.6601303, "IPUSDT": 1772633888.3494043, "SLPUSDT": 1772633891.067274, "ICPUSDT": 1772633893.7880414, "AGLDUSDT": 1772633896.4712865, "ATOMUSDT": 1772633899.1557934}