{"GIGGLEUSDT": 1773203372.9333239, "USELESSUSDT": 1773203375.5714247, "ESPUSDT": 1773203378.2213256, "2ZUSDT": 1773203381.288996, "IPUSDT": 1773203384.3599112, "ARUSDT": 1773203387.4231007, "ROBOUSDT": 1773203390.069945, "ZROUSDT": 1773203392.7225208, "MSFTUSDT": 1773203395.778878, "XPDUSDT": 1773203398.8501346, "BCHUSDT": 1773203401.8950841, "ALCHUSDT": 1773203404.958186, "MUUSDT": 1773203407.693312, "PENGUUSDT": 1773203410.345457, "GWEIUSDT": 1773203412.9810972, "EIGENUSDT": 1773205380.532726, "TONUSDT": 1773205383.327941, "POWERUSDT": 1773205386.1339703, "XLMUSDT": 1773205388.650896, "POLUSDT": 1773205391.4794075, "HOODUSDT": 1773205394.3039453, "WETUSDT": 1773205397.1086373, "GRASSUSDT": 1773205399.618838, "APTUSDT": 1773205402.220372, "PIPPINUSDT": 1773205404.732253, "HOMEUSDT": 1773205407.282819, "WLFIUSDT": 1773205410.074042, "ATHUSDT": 1773205412.614861, "ENSUSDT": 1773205415.4113696, "COMPUSDT": 1773205418.2118375}