{"POLUSDT": 1773143977.6785083, "PLTRUSDT": 1773143980.1815279, "GWEIUSDT": 1773143982.688726, "2ZUSDT": 1773143985.1996007, "KASUSDT": 1773143987.7238193, "PUMPUSDT": 1773143990.2284784, "MUUSDT": 1773143993.040539, "APTUSDT": 1773143995.851298, "BIOUSDT": 1773143998.667831, "ETCUSDT": 1773144001.4956446, "XPDUSDT": 1773144004.3693962, "MOODENGUSDT": 1773144007.1848342, "DASHUSDT": 1773144010.031832, "AZTECUSDT": 1773144012.8673398, "ASTERUSDT": 1773144015.6862957}