{"VVVUSDT": 1772392114.4487104, "AZTECUSDT": 1772392117.1321867, "NEWTUSDT": 1772392119.8068304, "ESPUSDT": 1772392122.4999032, "SAHARAUSDT": 1772392125.2096336, "INXUSDT": 1772392127.8801003, "PUMPUSDT": 1772392130.5730274, "ZKPUSDT": 1772392133.2563179, "VIRTUALUSDT": 1772392135.9254785, "MIRAUSDT": 1772392138.6077955, "HOLOUSDT": 1772392141.2897916, "BIOUSDT": 1772392143.9749172, "AGLDUSDT": 1772392146.6735978, "GRASSUSDT": 1772392149.3536148, "ROSEUSDT": 1772392152.0285323}