{"SAHARAUSDT": 1772514958.8076963, "SXTUSDT": 1772514961.400259, "STGUSDT": 1772514964.0312474, "DENTUSDT": 1772514966.6139514, "STABLEUSDT": 1772514969.2211971, "IPUSDT": 1772514971.8154235, "TAOUSDT": 1772514974.5003898, "COWUSDT": 1772514977.0931954, "SENTUSDT": 1772514979.7192032, "VVVUSDT": 1772514982.3057387, "C98USDT": 1772514984.9061916, "PEOPLEUSDT": 1772514987.5377269, "ZROUSDT": 1772514990.1336274, "TOSHIUSDT": 1772514992.7353525, "ATOMUSDT": 1772514995.33445}