{"JTOUSDT": 1772462389.8516703, "APEUSDT": 1772462392.4769104, "NEARUSDT": 1772462395.0361931, "OPUSDT": 1772462397.5975313, "DYDXUSDT": 1772462400.1402059, "ARBUSDT": 1772462402.7136126, "GOATUSDT": 1772462405.438336, "SANDUSDT": 1772462407.9718976, "USUALUSDT": 1772462410.5190272, "MANAUSDT": 1772462413.0510228, "IOTXUSDT": 1772462415.6100812, "GPSUSDT": 1772462418.1621673, "ENSOUSDT": 1772462420.7443547, "ARUSDT": 1772462423.2981832, "STGUSDT": 1772462425.841334}