{"NEWTUSDT": 1772373563.089508, "JUPUSDT": 1772373565.6154847, "HOLOUSDT": 1772373568.1546197, "MIRAUSDT": 1772373570.71421, "APEUSDT": 1772373573.2351124, "VVVUSDT": 1772373575.772365, "AAVEUSDT": 1772373578.3112242, "NEARUSDT": 1772373580.865037, "PUMPUSDT": 1772373583.3970542, "SPKUSDT": 1772373585.977386, "WIFUSDT": 1772373588.521447, "MONUSDT": 1772373591.0806718, "ATHUSDT": 1772373593.6230462, "KITEUSDT": 1772373596.2097456, "MOVEUSDT": 1772373598.7586498}