{"VVVUSDT": 1772406111.2290542, "DOTUSDT": 1772406113.762622, "ZAMAUSDT": 1772406116.2844436, "SENTUSDT": 1772406118.8045518, "ATOMUSDT": 1772406121.3562672, "LDOUSDT": 1772406123.8798509, "WIFUSDT": 1772406126.4058812, "ACTUSDT": 1772406128.9369252, "ANIMEUSDT": 1772406131.4502456, "SXTUSDT": 1772406134.0422492, "ROSEUSDT": 1772406136.5736964, "AZTECUSDT": 1772406139.0853083, "NOMUSDT": 1772406141.6040332, "BIRBUSDT": 1772406144.1308002, "BSVUSDT": 1772406146.652331}