{"NEARUSDT": 1772491853.7048497, "ZROUSDT": 1772491856.234029, "ENSOUSDT": 1772491858.798002, "THETAUSDT": 1772491861.387346, "DENTUSDT": 1772491863.9234822, "GOATUSDT": 1772491866.446287, "IOUSDT": 1772491868.975086, "BCHUSDT": 1772491871.5389583, "APEUSDT": 1772491874.076889, "ENJUSDT": 1772491876.5942786, "JASMYUSDT": 1772491879.1212432, "ATHUSDT": 1772491881.64694, "APTUSDT": 1772491884.1922507, "INJUSDT": 1772491886.721518, "IOTXUSDT": 1772491889.2434864, "RIVERUSDT": 1772492701.5865638, "KAIAUSDT": 1772492704.1045122, "ROSEUSDT": 1772492706.6241481, "LAYERUSDT": 1772492709.1452694, "STABLEUSDT": 1772492711.704906, "API3USDT": 1772492714.2284098, "WLFIUSDT": 1772492716.771102, "SLPUSDT": 1772492719.306291, "0GUSDT": 1772492721.833861, "USUALUSDT": 1772492724.3751588, "STRKUSDT": 1772492726.898793, "HOLOUSDT": 1772492729.4248922, "SAHARAUSDT": 1772492731.9514735, "ATOMUSDT": 1772492734.5673723, "ZETAUSDT": 1772492737.090562}