{"BABYUSDT": 1773378736.187187, "BANKUSDT": 1773378738.6329772, "BLESSUSDT": 1773378744.9860988, "CYSUSDT": 1773378761.151348, "HEIUSDT": 1773378784.5785515, "MANTRAUSDT": 1773378810.5702019, "MAVUSDT": 1773378812.6376069, "PIPPINUSDT": 1773378838.0897577, "PLUMEUSDT": 1773378840.1618354, "RESOLVUSDT": 1773378849.1930954, "TOWNSUSDT": 1773378877.6080716, "DENTUSDT": 1773380095.4085946, "VTHOUSDT": 1773381684.7844124}