{"SAHARAUSDT": 1772358607.8854299, "HOLOUSDT": 1772358610.5244157, "STGUSDT": 1772358613.1811254, "KITEUSDT": 1772358615.8314552, "ATHUSDT": 1772358618.5291834, "SPXUSDT": 1772358621.2186317, "DYDXUSDT": 1772358623.8958766, "ELSAUSDT": 1772358626.5279, "FOLKSUSDT": 1772358629.1722379, "MEMEUSDT": 1772358631.8327696, "ESPUSDT": 1772358634.4761062, "VVVUSDT": 1772358637.1307871, "NEARUSDT": 1772358639.7801867, "NEWTUSDT": 1772358642.4177332, "MONUSDT": 1772358645.065706}