{"SPYUSDT": 1773184008.8048165, "DYMUSDT": 1773184011.6048238, "FFUSDT": 1773184014.4175785, "XMRUSDT": 1773184017.213353, "2ZUSDT": 1773184020.0192044, "XPINUSDT": 1773184022.8178444, "BLURUSDT": 1773184025.604797, "WLFIUSDT": 1773184028.3953552, "LINKUSDT": 1773184031.1823637, "LITUSDT": 1773184033.9801626, "POLUSDT": 1773184036.7663498, "SIRENUSDT": 1773184039.636298, "BRETTUSDT": 1773184042.1521714, "ZROUSDT": 1773184044.6524498, "SKYAIUSDT": 1773184047.1637082}