{"KAITOUSDT": 1773270312.979161, "KASUSDT": 1773270316.124524, "MSTRUSDT": 1773270319.3106494, "IPUSDT": 1773270322.4801319, "JUPUSDT": 1773270325.631299, "DOTUSDT": 1773270328.7988122, "ARCUSDT": 1773270331.5090053, "GRASSUSDT": 1773270334.663417, "WETUSDT": 1773270337.8431826, "AEROUSDT": 1773270340.5521219, "ACEUSDT": 1773270343.715079, "APTUSDT": 1773270346.876815, "ASTERUSDT": 1773270350.042006, "ETCUSDT": 1773270353.1985595, "ALTUSDT": 1773270356.376866}