{"AGLDUSDT": 1772777418.2603436, "SENTUSDT": 1772777420.9382706, "IOTXUSDT": 1772777423.6358142, "NEWTUSDT": 1772777426.3287287, "ANKRUSDT": 1772777429.0694814, "ZROUSDT": 1772777431.7422585, "INITUSDT": 1772777434.433209, "IPUSDT": 1772777437.1988466, "ARPAUSDT": 1772777439.8737652, "ZETAUSDT": 1772777442.5995429, "MAGICUSDT": 1772777445.2947955, "VVVUSDT": 1772777447.956838, "ZORAUSDT": 1772777450.6255202, "ICPUSDT": 1772777453.3255012, "NXPCUSDT": 1772777455.9893873}