{"CHZUSDT": 1772554229.061662, "ROSEUSDT": 1772554231.5917435, "ARBUSDT": 1772554234.1258261, "METISUSDT": 1772554236.6604764, "FORMUSDT": 1772554239.1834347, "ZROUSDT": 1772554241.726161, "ARUSDT": 1772554244.277527, "VIRTUALUSDT": 1772554246.8155646, "GALAUSDT": 1772554249.5414681, "ENSOUSDT": 1772554252.1050916, "DENTUSDT": 1772554254.6560884, "BIOUSDT": 1772554257.1885505, "SENTUSDT": 1772554259.7284133, "ZORAUSDT": 1772554262.2911153, "ATOMUSDT": 1772554264.840791, "AIXBTUSDT": 1772555773.0108695, "IOTXUSDT": 1772555775.7073076, "AEROUSDT": 1772555778.462212, "SAHARAUSDT": 1772555781.1643968, "SUPERUSDT": 1772555783.8557281, "USUALUSDT": 1772555786.5739937, "OPUSDT": 1772555789.2865398, "CVCUSDT": 1772555791.9961538, "MINAUSDT": 1772555794.7041144, "SLPUSDT": 1772555797.4041307, "KITEUSDT": 1772555800.099178, "BRETTUSDT": 1772555802.7729616, "IOUSDT": 1772555805.4671905, "ESPUSDT": 1772555808.17771, "ZETAUSDT": 1772555810.894442}