{"TONUSDT": 1773128232.2067106, "ETCUSDT": 1773128234.7418983, "LTCUSDT": 1773128237.278271, "CFXUSDT": 1773128239.8164499, "XMRUSDT": 1773128242.7066233, "CAKEUSDT": 1773128245.5948477, "JTOUSDT": 1773128248.5136158, "LDOUSDT": 1773128251.4117463, "GRASSUSDT": 1773128253.9548106, "ENSUSDT": 1773128256.833738, "ICPUSDT": 1773128259.779157, "ONDOUSDT": 1773128262.6523352, "STXUSDT": 1773128265.5275793, "ZILUSDT": 1773128268.426723, "FETUSDT": 1773128271.3359232, "APTUSDT": 1773129612.6440237, "STEEMUSDT": 1773129615.464114, "BCHUSDT": 1773129618.2610867, "GRIFFAINUSDT": 1773129621.070309, "USELESSUSDT": 1773129623.6100664, "RAVEUSDT": 1773129626.1508772, "HUSDT": 1773129629.0613708, "HOMEUSDT": 1773129631.5751848, "ZROUSDT": 1773129634.3908179, "XPINUSDT": 1773129637.2389104, "KITEUSDT": 1773129640.0356042, "ESPUSDT": 1773129642.8370197, "PENGUUSDT": 1773129645.6679015, "STRKUSDT": 1773129648.4895709, "ATHUSDT": 1773129651.292571}