{"AKTUSDT": 1772740470.0655334, "HOLOUSDT": 1772740472.7219248, "COWUSDT": 1772740475.3798225, "ARPAUSDT": 1772740478.0643826, "ZAMAUSDT": 1772740480.7290032, "SPXUSDT": 1772740483.441473, "HOMEUSDT": 1772740486.1236365, "BERAUSDT": 1772740488.783378, "LAUSDT": 1772740491.4428194, "ORCAUSDT": 1772740494.126445, "TAOUSDT": 1772740496.7862968, "AGLDUSDT": 1772740499.4509516, "MIRAUSDT": 1772740502.1161842, "PEOPLEUSDT": 1772740504.7792356, "JTOUSDT": 1772740507.4457395}