{"IOTXUSDT": 1772525157.5999348, "SAHARAUSDT": 1772525160.191988, "BCHUSDT": 1772525162.7396765, "ESPUSDT": 1772525165.2748234, "C98USDT": 1772525167.8268821, "ARUSDT": 1772525170.4277878, "USUALUSDT": 1772525172.9561539, "ENJUSDT": 1772525175.5005274, "RPLUSDT": 1772525178.0570254, "BIOUSDT": 1772525180.5882165, "GOATUSDT": 1772525183.1312804, "POLUSDT": 1772525185.6777062, "BARDUSDT": 1772525188.2196789, "BLASTUSDT": 1772525190.8064237, "LINEAUSDT": 1772525193.3687286}