{"NEWTUSDT": 1772398908.6445909, "INXUSDT": 1772398911.1695557, "BERAUSDT": 1772398913.704661, "VVVUSDT": 1772398916.2274146, "MOCAUSDT": 1772398918.8609352, "STEEMUSDT": 1772398921.4106984, "APRUSDT": 1772398923.930713, "GOATUSDT": 1772398926.4626875, "ACTUSDT": 1772398929.0119066, "TONUSDT": 1772398931.5326874, "APEUSDT": 1772398934.0708942, "BSVUSDT": 1772398936.6078615, "ARKMUSDT": 1772398939.1224034, "HOLOUSDT": 1772398941.653589, "ATHUSDT": 1772398944.1865559}