{"STXUSDT": 1773263269.2770982, "MORPHOUSDT": 1773263272.5349422, "PLTRUSDT": 1773263275.7044332, "SKYUSDT": 1773263278.8814583, "XLMUSDT": 1773263282.0764394, "HBARUSDT": 1773263285.2413013, "HOODUSDT": 1773263288.4085562, "JUPUSDT": 1773263291.5934365, "MSTRUSDT": 1773263294.7595682, "XMRUSDT": 1773263297.9228487, "ATOMUSDT": 1773263301.1132193, "LITUSDT": 1773263303.8032475, "TONUSDT": 1773263306.4953017, "XPLUSDT": 1773263309.6783545, "VIRTUALUSDT": 1773263312.8448243}