{"SAHARAUSDT": 1772362401.9777787, "MIRAUSDT": 1772362404.4969418, "AIXBTUSDT": 1772362407.0269482, "ATHUSDT": 1772362409.5730038, "STGUSDT": 1772362412.1824327, "HOLOUSDT": 1772362414.7087588, "SPXUSDT": 1772362417.3195965, "ESPUSDT": 1772362419.8575203, "STEEMUSDT": 1772362422.391131, "JTOUSDT": 1772362424.9236119, "DENTUSDT": 1772362427.4707286, "MONUSDT": 1772362430.0129278, "LAYERUSDT": 1772362432.5424855, "CYBERUSDT": 1772362435.0758395, "AVNTUSDT": 1772362437.6310694}