{"RENDERUSDT": 1772654401.700902, "APTUSDT": 1772654404.4064639, "ORCAUSDT": 1772654407.079304, "BLASTUSDT": 1772654409.7771924, "ZROUSDT": 1772654412.4625373, "JASMYUSDT": 1772654415.154619, "VVVUSDT": 1772654417.85356, "APEUSDT": 1772654420.556723, "BARDUSDT": 1772654423.2493155, "AXSUSDT": 1772654425.9282432, "VIRTUALUSDT": 1772654428.7815075, "SLPUSDT": 1772654431.4848664, "DOTUSDT": 1772654434.1546803, "BIOUSDT": 1772654436.8512938, "ATOMUSDT": 1772654439.5571606}