{"XMRUSDT": 1773282567.207601, "TONUSDT": 1773282569.7449694, "ATOMUSDT": 1773282572.594338, "ETCUSDT": 1773282575.4622452, "DYDXUSDT": 1773282578.40253, "SEIUSDT": 1773282581.2549107, "LTCUSDT": 1773282584.1124208, "PEOPLEUSDT": 1773282586.9733865, "AIXBTUSDT": 1773282589.8391206, "GALAUSDT": 1773282592.710628, "PNUTUSDT": 1773282595.5706768, "IMXUSDT": 1773282598.112114, "ROSEUSDT": 1773282600.973044, "OPUSDT": 1773282603.8758636, "SANDUSDT": 1773282606.7313457}