{"AGLDUSDT": 1772772747.3069313, "SENTUSDT": 1772772749.8559828, "NEWTUSDT": 1772772752.4025447, "ARPAUSDT": 1772772754.9440765, "ZROUSDT": 1772772757.5136704, "ANKRUSDT": 1772772760.1126099, "PIPPINUSDT": 1772772762.6554165, "VVVUSDT": 1772772765.2016635, "MAGICUSDT": 1772772767.7487762, "LYNUSDT": 1772772770.3823385, "ZORAUSDT": 1772772772.9219685, "NXPCUSDT": 1772772775.461659, "STABLEUSDT": 1772772778.0137637, "AXSUSDT": 1772772780.5524406, "MORPHOUSDT": 1772772783.1076038, "ESPUSDT": 1772774497.4429574, "PEOPLEUSDT": 1772774499.938765, "ORCAUSDT": 1772774502.4300835, "BLASTUSDT": 1772774504.9296975, "AKTUSDT": 1772774507.422545, "GPSUSDT": 1772774509.9280825, "HOLOUSDT": 1772774512.435303, "STRKUSDT": 1772774514.9331448, "ZETAUSDT": 1772774517.4299743, "SAHARAUSDT": 1772774519.950986, "SPXUSDT": 1772774522.496833, "IPUSDT": 1772774525.0404568, "ICPUSDT": 1772774527.5437493, "BIOUSDT": 1772774530.160171, "DENTUSDT": 1772774532.7307527}