{"ATOMUSDT": 1773251186.3225923, "MSTRUSDT": 1773251188.9079237, "LINKUSDT": 1773251191.897005, "SUSDT": 1773251194.8978326, "WETUSDT": 1773251197.8930583, "KASUSDT": 1773251200.8829799, "QQQUSDT": 1773251203.878506, "XLMUSDT": 1773251206.8798656, "PEPEUSDT": 1773251209.8727202, "ZROUSDT": 1773251212.870508, "GALAUSDT": 1773251215.8657544, "STEEMUSDT": 1773251218.8538723, "STXUSDT": 1773251221.8505144, "PLTRUSDT": 1773251224.8494427, "CAKEUSDT": 1773251227.918837}