{"METISUSDT": 1772572278.8395228, "AIXBTUSDT": 1772572281.3312404, "IOTXUSDT": 1772572283.8360052, "FORMUSDT": 1772572286.3769183, "SAHARAUSDT": 1772572288.8723662, "ARUSDT": 1772572291.3615038, "BIOUSDT": 1772572293.8532662, "ARBUSDT": 1772572296.3406098, "CHZUSDT": 1772572298.8382366, "IOUSDT": 1772572301.3307803, "MEMEUSDT": 1772572303.8189738, "OPUSDT": 1772572306.3239396, "FILUSDT": 1772572308.8164248, "USUALUSDT": 1772572311.3204796, "DENTUSDT": 1772572313.8144825}