{"MSTRUSDT": 1773153799.580324, "1MBABYDOGEUSDT": 1773153802.2078092, "BRETTUSDT": 1773153804.835202, "RENDERUSDT": 1773153807.5854435, "QQQUSDT": 1773153810.2374897, "BCHUSDT": 1773153812.8450372, "ONDOUSDT": 1773153815.9624803, "ZECUSDT": 1773153819.057642, "AMZNUSDT": 1773153821.7006001, "APTUSDT": 1773153824.788697, "TRUMPUSDT": 1773153827.845649, "FILUSDT": 1773153830.8987775, "CELOUSDT": 1773153834.0806441, "GALAUSDT": 1773153837.1343625, "TSLAUSDT": 1773153840.1943095}