{"IOTXUSDT": 1772552006.4525666, "SAHARAUSDT": 1772552010.2436433, "KITEUSDT": 1772552014.0215209, "VVVUSDT": 1772552016.6663496, "USUALUSDT": 1772552019.309976, "AKTUSDT": 1772552021.982923, "AIXBTUSDT": 1772552024.6124537, "ZETAUSDT": 1772552027.3062143, "ATHUSDT": 1772552029.9637554, "IOUSDT": 1772552032.5988753, "AXLUSDT": 1772552035.2442324, "IPUSDT": 1772552038.0331979, "LUNCUSDT": 1772552040.7983203, "ESPUSDT": 1772552043.513996, "OPUSDT": 1772552046.1729577, "CHZUSDT": 1772554229.061662, "ROSEUSDT": 1772554231.5917435, "ARBUSDT": 1772554234.1258261, "METISUSDT": 1772554236.6604764, "FORMUSDT": 1772554239.1834347, "ZROUSDT": 1772554241.726161, "ARUSDT": 1772554244.277527, "VIRTUALUSDT": 1772554246.8155646, "GALAUSDT": 1772554249.5414681, "ENSOUSDT": 1772554252.1050916, "DENTUSDT": 1772554254.6560884, "BIOUSDT": 1772554257.1885505, "SENTUSDT": 1772554259.7284133, "ZORAUSDT": 1772554262.2911153, "ATOMUSDT": 1772554264.840791}