{"GPSUSDT": 1772437531.1849587, "VVVUSDT": 1772437533.7457635, "CVCUSDT": 1772437536.267247, "NXPCUSDT": 1772437538.7880082, "AGLDUSDT": 1772437541.2938592, "LAUSDT": 1772437543.7951133, "CYBERUSDT": 1772437546.2951355, "SAHARAUSDT": 1772437548.8039777, "GOATUSDT": 1772437551.3054643, "STGUSDT": 1772437553.8762105, "SANDUSDT": 1772437556.3701274, "GASUSDT": 1772437558.8764055, "NEARUSDT": 1772437561.4014127, "IOTXUSDT": 1772437563.9003658, "BOMEUSDT": 1772437566.3990061}