{"MSTRUSDT": 1773223948.0019393, "YGGUSDT": 1773223951.1315615, "TNSRUSDT": 1773223954.248924, "ENSUSDT": 1773223957.3938973, "USELESSUSDT": 1773223960.508849, "ZROUSDT": 1773223963.6271162, "KITEUSDT": 1773223966.2772114, "BCHUSDT": 1773223969.4072242, "STRKUSDT": 1773223972.536625, "STXUSDT": 1773223975.2307632, "NEARUSDT": 1773223978.413914, "MUBARAKUSDT": 1773223981.5414944, "FOLKSUSDT": 1773223984.656931, "LDOUSDT": 1773223987.7878103, "UNIUSDT": 1773223990.916373}