{"HBARUSDT": 1773266853.3200579, "HOODUSDT": 1773266856.5099812, "SKYUSDT": 1773266859.691464, "TONUSDT": 1773266862.3980012, "ETCUSDT": 1773266865.5552585, "XLMUSDT": 1773266868.7314668, "PENGUUSDT": 1773266871.9200766, "ESPUSDT": 1773266874.6282775, "VIRTUALUSDT": 1773266877.8342943, "ZECUSDT": 1773266881.0145915, "XMRUSDT": 1773266884.2042954, "STXUSDT": 1773266887.392546, "BANUSDT": 1773266890.5688186, "MSTRUSDT": 1773266893.7642128, "AVAXUSDT": 1773266896.9597023}