{"KITEUSDT": 1772377230.5629833, "VVVUSDT": 1772377233.1299953, "SAHARAUSDT": 1772377235.67078, "MIRAUSDT": 1772377238.2035933, "DENTUSDT": 1772377240.7364583, "ESPUSDT": 1772377243.2853563, "ATHUSDT": 1772377245.833984, "NEWTUSDT": 1772377248.3586435, "HOLOUSDT": 1772377250.8839126, "LAYERUSDT": 1772377253.4324582, "NEARUSDT": 1772377255.9628875, "STGUSDT": 1772377258.4962718, "SPXUSDT": 1772377261.0471957, "STABLEUSDT": 1772377263.5782747, "WIFUSDT": 1772377266.1314428}