{"CAKEUSDT": 1773292130.7257144, "ATOMUSDT": 1773292133.913048, "TAOUSDT": 1773292136.628476, "RENDERUSDT": 1773292139.4593685, "XMRUSDT": 1773292142.648235, "TONUSDT": 1773292145.3649318, "AGLDUSDT": 1773292148.532516, "AIXBTUSDT": 1773292151.215809}