{"TONUSDT": 1773128232.2067106, "ETCUSDT": 1773128234.7418983, "LTCUSDT": 1773128237.278271, "CFXUSDT": 1773128239.8164499, "XMRUSDT": 1773128242.7066233, "CAKEUSDT": 1773128245.5948477, "JTOUSDT": 1773128248.5136158, "LDOUSDT": 1773128251.4117463, "GRASSUSDT": 1773128253.9548106, "ENSUSDT": 1773128256.833738, "ICPUSDT": 1773128259.779157, "ONDOUSDT": 1773128262.6523352, "STXUSDT": 1773128265.5275793, "ZILUSDT": 1773128268.426723, "FETUSDT": 1773128271.3359232}