{"1000RATSUSDT": 1773372722.7510688, "ACEUSDT": 1773372732.0129309, "ASTERUSDT": 1773372768.7225995, "AXLUSDT": 1773372778.9694793, "BANANAS31USDT": 1773372787.0261364, "BARDUSDT": 1773372792.442616, "BEATUSDT": 1773372796.5528343, "BGBUSDT": 1773372799.652254, "BIOUSDT": 1773372802.6325083, "BLESSUSDT": 1773372806.8922207, "BNBUSDT": 1773372809.8386135, "BTCUSDT": 1773372818.044466, "C98USDT": 1773372820.9517767, "COAIUSDT": 1773372831.296962, "COOKIEUSDT": 1773372835.4362874, "CRCLUSDT": 1773372838.5052693, "CYSUSDT": 1773372849.1665447, "DENTUSDT": 1773372853.386105, "DOTUSDT": 1773372859.980104, "FIDAUSDT": 1773372882.5935276, "HBARUSDT": 1773372909.155216, "HOLOUSDT": 1773372912.1101635, "HOODUSDT": 1773372915.060686, "HUSDT": 1773372916.7770572, "ICPUSDT": 1773372922.1061013, "INJUSDT": 1773372928.8779733, "INTCUSDT": 1773372930.6014192, "IOTAUSDT": 1773372933.5167296, "IPUSDT": 1773372937.6306863, "JCTUSDT": 1773372940.661292, "KERNELUSDT": 1773372951.3414018, "MANTRAUSDT": 1773372978.6197686, "MAVUSDT": 1773372981.7645936, "MBOXUSDT": 1773372983.5291185, "MSFTUSDT": 1773373004.180699, "OPNUSDT": 1773373030.2016923, "ORDIUSDT": 1773373034.5402114, "PIPPINUSDT": 1773373048.108118, "RPLUSDT": 1773373079.3982747, "SAHARAUSDT": 1773373084.9490418, "SAPIENUSDT": 1773373087.8854935, "SHIBUSDT": 1773373092.183978, "SIGNUSDT": 1773373093.9460056, "SIRENUSDT": 1773373095.670735, "SOMIUSDT": 1773373105.0533116, "STABLEUSDT": 1773373118.2120128, "STEEMUSDT": 1773373121.2816548, "SYRUPUSDT": 1773373133.1127448, "TOWNSUSDT": 1773373147.949536, "UBUSDT": 1773373158.4394825, "UMAUSDT": 1773373160.3311577, "XAIUSDT": 1773373189.3612413, "ZBTUSDT": 1773373205.848708, "ZORAUSDT": 1773373217.4630837, "0GUSDT": 1773373520.7919414, "ACTUSDT": 1773373534.9573007, "AIOUSDT": 1773373541.563767, "AKTUSDT": 1773373544.5358498, "AMZNUSDT": 1773373552.3697271, "ANIMEUSDT": 1773373554.1022706, "ANKRUSDT": 1773373555.828309, "APRUSDT": 1773373560.092399, "ARCUSDT": 1773373564.2247317, "ARIAUSDT": 1773373565.9375887, "ARKMUSDT": 1773373567.7156053, "ARKUSDT": 1773373569.4075787, "ATHUSDT": 1773373574.9076574, "ATUSDT": 1773373577.8417928, "AUCTIONUSDT": 1773373579.5790312, "AVAXUSDT": 1773373581.2695982, "AVNTUSDT": 1773373582.9434664, "AWEUSDT": 1773373584.6705747, "BANANAUSDT": 1773373595.111617, "BANKUSDT": 1773373596.857179, "BANUSDT": 1773373598.5832207, "BERAUSDT": 1773373605.3088462, "BIGTIMEUSDT": 1773373608.2605317, "BIRBUSDT": 1773373611.1589878, "BOMEUSDT": 1773373617.8345797, "BREVUSDT": 1773373620.8110294, "BUSDT": 1773373626.3081021, "CAKEUSDT": 1773373629.3718042, "CFXUSDT": 1773373632.3226213, "CHZUSDT": 1773373635.227653, "CLOUSDT": 1773373638.156127, "COINUSDT": 1773373641.08214, "COMPUSDT": 1773373642.7916903, "CROUSDT": 1773373649.345418, "CYBERUSDT": 1773373655.895856, "DASHUSDT": 1773373658.829567, "DEEPUSDT": 1773373660.5436993, "DOGEUSDT": 1773373664.9129813, "DOLOUSDT": 1773373666.6925278, "DOODUSDT": 1773373668.398393, "DYMUSDT": 1773373673.7713032, "EGLDUSDT": 1773373675.5225527, "EIGENUSDT": 1773373677.2982233, "ENAUSDT": 1773373679.0725887, "ENJUSDT": 1773373680.7970684, "ENSOUSDT": 1773373682.5473762, "ESPUSDT": 1773373686.7640123, "ETCUSDT": 1773373688.469693, "ETHFIUSDT": 1773373690.1690023, "FETUSDT": 1773373694.3613849, "FOLKSUSDT": 1773373703.533206, "GALAUSDT": 1773373707.684313, "GASUSDT": 1773373709.401928, "GLMUSDT": 1773373712.335532, "GMXUSDT": 1773373715.2144623, "GOATUSDT": 1773373716.8884506, "GPSUSDT": 1773373718.587939, "GUNUSDT": 1773373723.8904557, "GWEIUSDT": 1773373725.5811388, "HYPEUSDT": 1773373736.0588908, "ICNTUSDT": 1773373737.774796, "ILVUSDT": 1773373741.9097404, "INXUSDT": 1773373748.5926867, "JASMYUSDT": 1773373755.2393155, "JSTUSDT": 1773373758.299264, "JTOUSDT": 1773373759.9900556, "KAIAUSDT": 1773373762.8733735, "KAITOUSDT": 1773373764.5687141, "KASUSDT": 1773373766.3364792, "KAVAUSDT": 1773373768.0128174, "KGENUSDT": 1773373770.8933117, "KITEUSDT": 1773373772.5936193, "LABUSDT": 1773373774.2517955, "LIGHTUSDT": 1773373779.5346823, "LITUSDT": 1773373783.6147227, "LPTUSDT": 1773373785.3226902, "LUNAUSDT": 1773373789.470537, "LUNCUSDT": 1773373791.1816025, "LYNUSDT": 1773373792.9019938, "MAGICUSDT": 1773373794.6372716, "MAGMAUSDT": 1773373796.4230642, "MANTAUSDT": 1773373799.5175977, "MASKUSDT": 1773373802.4789634, "MEGAUSDT": 1773373806.6200702, "MEMEUSDT": 1773373809.5032635, "MERLUSDT": 1773373811.2123096, "METAUSDT": 1773373812.8778481, "MINAUSDT": 1773373818.0931418, "MMTUSDT": 1773373819.7987347, "MOODENGUSDT": 1773373822.6890576, "MSTRUSDT": 1773373829.2419205, "MUSDT": 1773373832.1606326, "MUUSDT": 1773373833.8195386, "MYXUSDT": 1773373835.4873958, "NEARUSDT": 1773373838.408358, "NEOUSDT": 1773373841.4487278, "NILUSDT": 1773373844.3020165, "NOMUSDT": 1773373847.1630988, "ONDOUSDT": 1773373851.2992384, "ONGUSDT": 1773373852.9708376, "ONTUSDT": 1773373854.6497226, "OPENUSDT": 1773373856.3245792, "PARTIUSDT": 1773373864.1512876, "PAXGUSDT": 1773373865.832511, "PENGUUSDT": 1773373868.7190483, "PLTRUSDT": 1773373876.5935612, "PLUMEUSDT": 1773373878.2802775, "POLUSDT": 1773373881.215346, "POLYXUSDT": 1773373882.901221, "PROVEUSDT": 1773373887.1225598, "PUMPUSDT": 1773373888.8099582, "QQQUSDT": 1773373892.9916089, "RECALLUSDT": 1773373899.5607626, "RENDERUSDT": 1773373901.2727265, "REZUSDT": 1773373904.2998013, "RIVERUSDT": 1773373906.0626318, "RSRUSDT": 1773373911.4268079, "SAGAUSDT": 1773373914.478138, "SANDUSDT": 1773373917.3869846, "SKRUSDT": 1773373926.562072, "SPACEUSDT": 1773373939.2483704, "SPKUSDT": 1773373940.9587557, "SPXUSDT": 1773373942.7045968, "SPYUSDT": 1773373944.3914063, "SQDUSDT": 1773373946.1244693, "STBLUSDT": 1773373950.240709, "SUNUSDT": 1773373958.1607697, "SUPERUSDT": 1773373960.0307178, "SUSDT": 1773373961.7200434, "TAOUSDT": 1773373969.5502777, "THETAUSDT": 1773373971.2732878, "THEUSDT": 1773373972.9650311, "TIAUSDT": 1773373974.7065418, "TONUSDT": 1773373977.7273314, "UAIUSDT": 1773373989.4009783, "UNIUSDT": 1773373993.5471528, "USELESSUSDT": 1773373996.8612788, "USUALUSDT": 1773373998.5866792, "VANAUSDT": 1773374001.6477025, "VANRYUSDT": 1773374003.4132903, "VIRTUALUSDT": 1773374007.7684922, "WAXPUSDT": 1773374013.3978684, "WCTUSDT": 1773374015.2019224, "WETUSDT": 1773374017.042482, "WIFUSDT": 1773374018.9149227, "WLFIUSDT": 1773374022.1460145, "WOOUSDT": 1773374023.927336, "WUSDT": 1773374025.718885, "XAGUSDT": 1773374027.5174687, "XLMUSDT": 1773374033.3134801, "XMRUSDT": 1773374035.043912, "XPDUSDT": 1773374036.7831006, "XRPUSDT": 1773374041.1750236, "XTZUSDT": 1773374042.9500113, "XVGUSDT": 1773374044.7230492, "YGGUSDT": 1773374046.4686024, "ZECUSDT": 1773374050.9340932, "ZETAUSDT": 1773374053.9825914, "ZILUSDT": 1773374055.7995656, "ZKCUSDT": 1773374057.6079407, "ZKJUSDT": 1773374059.3699496, "ZKPUSDT": 1773374061.2165914, "ZKUSDT": 1773374062.9784036, "ZROUSDT": 1773374066.297184}