{"AGLDUSDT": 1772772747.3069313, "SENTUSDT": 1772772749.8559828, "NEWTUSDT": 1772772752.4025447, "ARPAUSDT": 1772772754.9440765, "ZROUSDT": 1772772757.5136704, "ANKRUSDT": 1772772760.1126099, "PIPPINUSDT": 1772772762.6554165, "VVVUSDT": 1772772765.2016635, "MAGICUSDT": 1772772767.7487762, "LYNUSDT": 1772772770.3823385, "ZORAUSDT": 1772772772.9219685, "NXPCUSDT": 1772772775.461659, "STABLEUSDT": 1772772778.0137637, "AXSUSDT": 1772772780.5524406, "MORPHOUSDT": 1772772783.1076038}