{"VVVUSDT": 1772678478.5530972, "IOTXUSDT": 1772678481.2653892, "COWUSDT": 1772678483.9917643, "ESPUSDT": 1772678486.7132976, "SAHARAUSDT": 1772678489.4537215, "HOLOUSDT": 1772678492.182595, "BARDUSDT": 1772678494.9032202, "ORCAUSDT": 1772678497.6310828, "AZTECUSDT": 1772678500.354264, "AKTUSDT": 1772678503.1138608, "SKRUSDT": 1772678505.8412597, "NEWTUSDT": 1772678508.5599995, "ZETAUSDT": 1772678511.2741804, "FOGOUSDT": 1772678513.9927535, "PIPPINUSDT": 1772678516.7152386}