{"COWUSDT": 1772695961.1805596, "HOLOUSDT": 1772695963.8454432, "IOTXUSDT": 1772695966.5306878, "SKRUSDT": 1772695969.302522, "VVVUSDT": 1772695971.9461648, "PIPPINUSDT": 1772695974.619262, "FILUSDT": 1772695977.3048575, "RPLUSDT": 1772695979.9718847, "ORCAUSDT": 1772695982.6615748, "ESPUSDT": 1772695985.322669, "ZORAUSDT": 1772695987.9647489, "SAHARAUSDT": 1772695990.6611493, "LAUSDT": 1772695993.3158255, "DENTUSDT": 1772695995.95925, "ZETAUSDT": 1772695998.64271, "ZROUSDT": 1772697894.565601, "PEOPLEUSDT": 1772697897.2328784, "ENSOUSDT": 1772697899.763575, "ZKCUSDT": 1772697902.3259566, "AGLDUSDT": 1772697904.8534212, "VIRTUALUSDT": 1772697907.3904397, "IPUSDT": 1772697909.9169557, "JTOUSDT": 1772697912.4496999, "GPSUSDT": 1772697914.9902682, "SOMIUSDT": 1772697917.5268981, "BERAUSDT": 1772697920.0548732, "CHZUSDT": 1772697922.5941224, "MIRAUSDT": 1772697925.1270828, "THETAUSDT": 1772697927.6521041, "BIOUSDT": 1772697930.1880891}