{"EIGENUSDT": 1773201228.5606337, "COMPUSDT": 1773201231.557274, "POLUSDT": 1773201234.5590074, "DYDXUSDT": 1773201237.1891093, "STRKUSDT": 1773201240.1776085, "BOMEUSDT": 1773201242.7815554, "KASUSDT": 1773201245.8006053, "VIRTUALUSDT": 1773201248.4159558, "ATOMUSDT": 1773201251.423146, "GRASSUSDT": 1773201254.093915, "AVAXUSDT": 1773201257.0800104, "TIAUSDT": 1773201260.0685995, "FETUSDT": 1773201263.0792131, "CFXUSDT": 1773201266.0744689, "TNSRUSDT": 1773201268.678776}