{"IPUSDT": 1772502577.163539, "NEARUSDT": 1772502579.689441, "BLASTUSDT": 1772502582.224352, "USUALUSDT": 1772502584.748693, "VVVUSDT": 1772502587.269397, "GOATUSDT": 1772502589.818255, "SAHARAUSDT": 1772502592.3451817, "APTUSDT": 1772502594.8680418, "ROSEUSDT": 1772502597.3999135, "IOTXUSDT": 1772502599.934633, "ENSOUSDT": 1772502602.4556031, "ATOMUSDT": 1772502605.0016575, "INXUSDT": 1772502607.5257409, "LUNCUSDT": 1772502610.0515106, "SENTUSDT": 1772502612.58309, "LINEAUSDT": 1772504005.803815, "ARUSDT": 1772504008.327511, "DENTUSDT": 1772504010.8610287, "ZROUSDT": 1772504013.3941123, "POLUSDT": 1772504015.9366348, "AXSUSDT": 1772504018.4665198, "ENJUSDT": 1772504021.0070848, "SPACEUSDT": 1772504023.5308657, "SNXUSDT": 1772504026.0715833, "STGUSDT": 1772504028.6010294, "XLMUSDT": 1772504031.1348603, "SHIBUSDT": 1772504033.6670012, "HOLOUSDT": 1772504036.1933026, "INJUSDT": 1772504038.730577, "GPSUSDT": 1772504041.2560966}