{"SAHARAUSDT": 1772486959.5610445, "NEARUSDT": 1772486962.2390578, "USUALUSDT": 1772486964.9294412, "ENSOUSDT": 1772486967.6169024, "APEUSDT": 1772486970.313471, "SANDUSDT": 1772486972.9939058, "ATHUSDT": 1772486975.681368, "APTUSDT": 1772486978.3510544, "ICPUSDT": 1772486981.033806, "LAUSDT": 1772486983.7236724, "GOATUSDT": 1772486986.3993232, "HOLOUSDT": 1772486989.1025152, "IOTXUSDT": 1772486991.7945552, "ATOMUSDT": 1772486994.4877217, "ZROUSDT": 1772486997.1771293, "BCHUSDT": 1772488801.5148098, "AIXBTUSDT": 1772488804.0092232, "SXTUSDT": 1772488806.5056093, "ZORAUSDT": 1772488808.9933393, "YGGUSDT": 1772488811.4900143, "STABLEUSDT": 1772488813.9852016, "INJUSDT": 1772488816.4757874, "POLUSDT": 1772488818.966013, "THETAUSDT": 1772488821.4614766, "0GUSDT": 1772488823.9560256, "ZETAUSDT": 1772488826.4484863, "RPLUSDT": 1772488828.9355755, "GPSUSDT": 1772488831.4306188, "SOMIUSDT": 1772488833.924308, "AGLDUSDT": 1772488836.4297838}