{"BLASTUSDT": 1772647698.0798283, "AZTECUSDT": 1772647700.6128914, "COWUSDT": 1772647703.2322962, "RENDERUSDT": 1772647705.7744596, "AXSUSDT": 1772647708.3074155, "BIOUSDT": 1772647710.8276193, "JASMYUSDT": 1772647713.3625047, "VVVUSDT": 1772647715.9075894, "ZROUSDT": 1772647718.435982, "CHZUSDT": 1772647720.9692185, "IPUSDT": 1772647723.4987788, "ORCAUSDT": 1772647726.0299304, "TRUMPUSDT": 1772647728.565941, "SPKUSDT": 1772647731.0995727, "TOSHIUSDT": 1772647733.6235712}