{"SAHARAUSDT": 1772510625.7211401, "BIOUSDT": 1772510628.2474332, "ENJUSDT": 1772510630.7688742, "ROSEUSDT": 1772510633.3504317, "IPUSDT": 1772510635.87303, "KAIAUSDT": 1772510638.3976622, "STGUSDT": 1772510640.931497, "CTKUSDT": 1772510643.4562106, "ESPUSDT": 1772510645.980117, "ICPUSDT": 1772510648.5046697, "IOUSDT": 1772510651.0267446, "LAUSDT": 1772510653.5575712, "HOLOUSDT": 1772510656.0793974, "ATHUSDT": 1772510658.616965, "VVVUSDT": 1772510661.1808405}