{"YGGUSDT": 1772451473.72742, "LAUSDT": 1772451476.2609863, "ZETAUSDT": 1772451478.7887971, "NXPCUSDT": 1772451481.3285728, "APEUSDT": 1772451483.8695385, "VVVUSDT": 1772451486.3988063, "CYBERUSDT": 1772451488.933052, "SENTUSDT": 1772451491.4692197, "NEARUSDT": 1772451494.0190034, "ATHUSDT": 1772451496.5948524, "LYNUSDT": 1772451499.1314843, "SAHARAUSDT": 1772451501.6870096, "NEWTUSDT": 1772451504.2300062, "UMAUSDT": 1772451506.7667718, "IOTXUSDT": 1772451509.2941933}