{"IOTXUSDT": 1772552006.4525666, "SAHARAUSDT": 1772552010.2436433, "KITEUSDT": 1772552014.0215209, "VVVUSDT": 1772552016.6663496, "USUALUSDT": 1772552019.309976, "AKTUSDT": 1772552021.982923, "AIXBTUSDT": 1772552024.6124537, "ZETAUSDT": 1772552027.3062143, "ATHUSDT": 1772552029.9637554, "IOUSDT": 1772552032.5988753, "AXLUSDT": 1772552035.2442324, "IPUSDT": 1772552038.0331979, "LUNCUSDT": 1772552040.7983203, "ESPUSDT": 1772552043.513996, "OPUSDT": 1772552046.1729577}