{"IPUSDT": 1773177013.6755354, "RPLUSDT": 1773177016.6780756, "SPYUSDT": 1773177019.6695752, "ROSEUSDT": 1773177022.6444528, "KAITOUSDT": 1773177025.6386743, "VIRTUALUSDT": 1773177028.632253, "DENTUSDT": 1773177031.238573, "BEATUSDT": 1773177034.2349017, "KASUSDT": 1773177037.231965, "LTCUSDT": 1773177040.211128, "BCHUSDT": 1773177043.1984835, "LINKUSDT": 1773177046.1924849, "DOTUSDT": 1773177049.1767626, "AZTECUSDT": 1773177052.17953, "POLUSDT": 1773177055.1732364}