{"ANKRUSDT": 1772755769.3128824, "ORCAUSDT": 1772755771.9868417, "SAHARAUSDT": 1772755774.6549234, "AGLDUSDT": 1772755777.322731, "HOLOUSDT": 1772755780.0035388, "MAGICUSDT": 1772755782.6677175, "LYNUSDT": 1772755785.3375008, "ATHUSDT": 1772755788.0203385, "AKTUSDT": 1772755790.6876478, "MORPHOUSDT": 1772755793.3828187, "ZETAUSDT": 1772755796.0668104, "COWUSDT": 1772755798.7317333, "SENTUSDT": 1772755801.4100156, "ZAMAUSDT": 1772755804.085174, "VIRTUALUSDT": 1772755806.752832}