{"ZAMAUSDT": 1772748107.2191458, "MAGICUSDT": 1772748109.8606725, "STEEMUSDT": 1772748112.4963605, "ORCAUSDT": 1772748115.1035063, "AKTUSDT": 1772748117.736983, "COWUSDT": 1772748120.3699071, "HOLOUSDT": 1772748122.975377, "LYNUSDT": 1772748125.6054382, "AGLDUSDT": 1772748128.234546, "IOTXUSDT": 1772748130.8474839, "STABLEUSDT": 1772748133.4802718, "SENTUSDT": 1772748136.1890507, "DENTUSDT": 1772748138.821449, "STRKUSDT": 1772748141.4512212, "MIRAUSDT": 1772748144.0822651}