{"GPSUSDT": 1772437531.1849587, "VVVUSDT": 1772437533.7457635, "CVCUSDT": 1772437536.267247, "NXPCUSDT": 1772437538.7880082, "AGLDUSDT": 1772437541.2938592, "LAUSDT": 1772437543.7951133, "CYBERUSDT": 1772437546.2951355, "SAHARAUSDT": 1772437548.8039777, "GOATUSDT": 1772437551.3054643, "STGUSDT": 1772437553.8762105, "SANDUSDT": 1772437556.3701274, "GASUSDT": 1772437558.8764055, "NEARUSDT": 1772437561.4014127, "IOTXUSDT": 1772437563.9003658, "BOMEUSDT": 1772437566.3990061, "LYNUSDT": 1772438939.337181, "ZETAUSDT": 1772438941.8463728, "ATOMUSDT": 1772438944.3360653, "OGUSDT": 1772438946.8712158, "YGGUSDT": 1772438949.3696628, "COWUSDT": 1772438951.8617263, "ZROUSDT": 1772438954.4574027, "APEUSDT": 1772438956.9980342, "ENSOUSDT": 1772438959.528092, "WIFUSDT": 1772438962.021313, "POLUSDT": 1772438964.5215895, "RUNEUSDT": 1772438967.018332, "HOLOUSDT": 1772438969.527791, "ESPUSDT": 1772438972.05095, "IPUSDT": 1772438974.548334}