{"ICPUSDT": 1772611248.093031, "SANDUSDT": 1772611250.815847, "MAGICUSDT": 1772611253.5806172, "SOMIUSDT": 1772611256.3223057, "ARKMUSDT": 1772611259.069087, "ROSEUSDT": 1772611261.78737, "SIRENUSDT": 1772611264.5176902, "AIXBTUSDT": 1772611267.2456856, "RENDERUSDT": 1772611270.0167925, "ATOMUSDT": 1772611272.7395942, "VIRTUALUSDT": 1772611275.5015662, "AZTECUSDT": 1772611278.258301, "EIGENUSDT": 1772611280.9858177, "AKTUSDT": 1772611283.730716, "GPSUSDT": 1772611286.4495928}