{"MUUSDT": 1773172839.5614626, "NOMUSDT": 1773172842.7475266, "RPLUSDT": 1773172845.886065, "BANKUSDT": 1773172848.554064, "KAITOUSDT": 1773172851.7226841, "SIGNUSDT": 1773172854.9035285, "UAIUSDT": 1773172858.0545895, "IPUSDT": 1773172861.2082758, "KASUSDT": 1773172864.3405645, "AXSUSDT": 1773172867.4671633, "SEIUSDT": 1773172870.6321871, "WAXPUSDT": 1773172873.791774, "TAOUSDT": 1773172876.452761, "BOMEUSDT": 1773172879.117503, "HOMEUSDT": 1773172881.7846014}