{"VVVUSDT": 1772665742.927065, "IOTXUSDT": 1772665745.620909, "COWUSDT": 1772665748.3041131, "RENDERUSDT": 1772665750.987856, "AZTECUSDT": 1772665753.6788044, "BARDUSDT": 1772665756.3706782, "DASHUSDT": 1772665759.0527809, "BLASTUSDT": 1772665761.748627, "VIRTUALUSDT": 1772665764.4315233, "NEWTUSDT": 1772665767.11643, "IPUSDT": 1772665769.8057132, "ENJUSDT": 1772665772.490714, "CVCUSDT": 1772665775.177227, "SLPUSDT": 1772665777.8660235, "LTCUSDT": 1772665780.5552516}