{"STABLEUSDT": 1772618973.9483402, "RENDERUSDT": 1772618976.5566514, "APEUSDT": 1772618979.1466086, "EIGENUSDT": 1772618981.7441113, "ICPUSDT": 1772618984.359229, "IOUSDT": 1772618986.954451, "AKTUSDT": 1772618989.581992, "ESPUSDT": 1772618992.2179718, "AGLDUSDT": 1772618994.88569, "VIRTUALUSDT": 1772618997.4912572, "BLASTUSDT": 1772619000.1293232, "JASMYUSDT": 1772619002.712584, "SPKUSDT": 1772619005.3728342, "COWUSDT": 1772619007.974335, "ARKMUSDT": 1772619010.5606515}