{"METISUSDT": 1772568034.5288746, "KITEUSDT": 1772568037.2779417, "AIXBTUSDT": 1772568039.9618297, "USUALUSDT": 1772568042.6782053, "BIOUSDT": 1772568045.375279, "AKTUSDT": 1772568048.0566301, "ARUSDT": 1772568050.749814, "IOTXUSDT": 1772568053.465579, "SAHARAUSDT": 1772568056.1488185, "SONICUSDT": 1772568058.8474934, "CHZUSDT": 1772568061.5178502, "SANDUSDT": 1772568064.2566035, "LINEAUSDT": 1772568066.9461029, "OPUSDT": 1772568069.6345909, "ARBUSDT": 1772568072.3143632}