{"STRKUSDT": 1773230231.742353, "SANDUSDT": 1773230234.931797, "2ZUSDT": 1773230238.1222053, "TSLAUSDT": 1773230241.306774, "TNSRUSDT": 1773230244.627824, "STXUSDT": 1773230247.8421137, "MUBARAKUSDT": 1773230251.0367377, "APTUSDT": 1773230254.2211893, "BOMEUSDT": 1773230257.4142952, "MSTRUSDT": 1773230260.723185, "DYDXUSDT": 1773230263.4238973, "BERAUSDT": 1773230266.6091774, "ICPUSDT": 1773230269.324571, "STABLEUSDT": 1773230272.0384254, "UNIUSDT": 1773230275.2373526}