{"MEMEUSDT": 1772595388.8737419, "SOMIUSDT": 1772595391.4134715, "GPSUSDT": 1772595393.9478772, "CHZUSDT": 1772595396.5587554, "XPLUSDT": 1772595399.0828362, "SAHARAUSDT": 1772595401.615102, "AXSUSDT": 1772595404.1643403, "SANDUSDT": 1772595406.6902006, "IOUSDT": 1772595409.2315671, "NEARUSDT": 1772595411.7603273, "DENTUSDT": 1772595414.294381, "ICPUSDT": 1772595416.8350582, "ORCAUSDT": 1772595419.3691118, "VIRTUALUSDT": 1772595421.9008908, "AIXBTUSDT": 1772595424.4884079}