{"BIOUSDT": 1772606052.9235084, "IOTXUSDT": 1772606055.4105878, "IOUSDT": 1772606057.9139216, "SOMIUSDT": 1772606060.4181924, "ICPUSDT": 1772606062.9299788, "GPSUSDT": 1772606065.4276705, "SAHARAUSDT": 1772606067.924744, "COWUSDT": 1772606070.4366426, "GUNUSDT": 1772606072.970802, "CHZUSDT": 1772606075.4673078, "DENTUSDT": 1772606078.0228148, "WIFUSDT": 1772606080.538025, "ALLOUSDT": 1772606083.0203314, "AKTUSDT": 1772606085.5264952, "ROSEUSDT": 1772606088.0188382}