{"ZKPUSDT": 1772384644.2814407, "LIGHTUSDT": 1772384646.8836834, "SAHARAUSDT": 1772384649.4746373, "STABLEUSDT": 1772384652.0670176, "SPXUSDT": 1772384654.6726968, "SLPUSDT": 1772384657.257026, "ATHUSDT": 1772384659.8544168, "VVVUSDT": 1772384662.459093, "DEXEUSDT": 1772384665.0454454, "WIFUSDT": 1772384667.6408465, "ESPUSDT": 1772384670.2559142, "PUMPUSDT": 1772384672.8944638, "STGUSDT": 1772384675.5251303, "KITEUSDT": 1772384678.1343486, "MONUSDT": 1772384680.7126713}