{"POLUSDT": 1773213351.0592084, "STRKUSDT": 1773213354.2434022, "DYDXUSDT": 1773213356.9525816, "ZILUSDT": 1773213360.1186023, "TNSRUSDT": 1773213363.1531513, "BLURUSDT": 1773213366.341463, "EIGENUSDT": 1773213369.5077531, "GRASSUSDT": 1773213372.2370527, "NEARUSDT": 1773213374.9486523, "CHZUSDT": 1773213378.2186327, "TONUSDT": 1773213380.9381745, "RENDERUSDT": 1773213383.6593451, "ATOMUSDT": 1773213386.824562, "KASUSDT": 1773213390.027939, "ICPUSDT": 1773213392.736752}