{"ETCUSDT": 1773273594.3845837, "RPLUSDT": 1773273597.5594726, "DASHUSDT": 1773273600.7626624, "BANANAS31USDT": 1773273603.9283981, "GRASSUSDT": 1773273607.120897, "ZILUSDT": 1773273610.3128896, "INJUSDT": 1773273613.4972963, "APTUSDT": 1773273616.6700854, "AEROUSDT": 1773273619.8678627, "KAIAUSDT": 1773273623.0353804, "ATOMUSDT": 1773273626.2236593, "MORPHOUSDT": 1773273629.3856406, "RESOLVUSDT": 1773273632.0875413, "TRIAUSDT": 1773273635.2735434, "XPLUSDT": 1773273637.9620454}