{"GRASSUSDT": 1772466363.5605335, "RPLUSDT": 1772466366.0704775, "VVVUSDT": 1772466368.5897312, "AAVEUSDT": 1772466371.0922804, "LYNUSDT": 1772466373.6105256, "DYDXUSDT": 1772466376.1219656, "ATHUSDT": 1772466378.6338246, "JASMYUSDT": 1772466381.2515514, "MANAUSDT": 1772466383.7764301, "CYBERUSDT": 1772466386.2663715, "ARKMUSDT": 1772466388.8247178, "IOTXUSDT": 1772466391.3542016, "COINUSDT": 1772466393.8595927, "RUNEUSDT": 1772466396.4285178, "AIXBTUSDT": 1772466398.999324}