{"IOTXUSDT": 1772687561.5319731, "BARDUSDT": 1772687564.225031, "ENSOUSDT": 1772687566.93737, "VVVUSDT": 1772687569.6447449, "HOLOUSDT": 1772687572.331239, "SKRUSDT": 1772687575.0226614, "ORCAUSDT": 1772687577.7131715, "COWUSDT": 1772687580.4055479, "PIPPINUSDT": 1772687583.1450264, "IPUSDT": 1772687585.92136, "ZORAUSDT": 1772687588.609932, "FILUSDT": 1772687591.3023844, "SAHARAUSDT": 1772687594.011036, "VIRTUALUSDT": 1772687596.6970587, "BERAUSDT": 1772687599.3900406}