{"EIGENUSDT": 1773125005.9222708, "POPCATUSDT": 1773125009.051146, "TAOUSDT": 1773125012.2466629, "KAIAUSDT": 1773125014.9521782, "XLMUSDT": 1773125017.646803, "ICPUSDT": 1773125020.7991621, "VIRTUALUSDT": 1773125023.5733857, "NOTUSDT": 1773125026.2495177, "JTOUSDT": 1773125029.3932645, "OPUSDT": 1773125032.5823271, "ENSUSDT": 1773125035.732324, "STXUSDT": 1773125038.8870394, "AAVEUSDT": 1773125041.6469128, "ETCUSDT": 1773125044.913864, "XMRUSDT": 1773125048.305714}