{"SAHARAUSDT": 1772486959.5610445, "NEARUSDT": 1772486962.2390578, "USUALUSDT": 1772486964.9294412, "ENSOUSDT": 1772486967.6169024, "APEUSDT": 1772486970.313471, "SANDUSDT": 1772486972.9939058, "ATHUSDT": 1772486975.681368, "APTUSDT": 1772486978.3510544, "ICPUSDT": 1772486981.033806, "LAUSDT": 1772486983.7236724, "GOATUSDT": 1772486986.3993232, "HOLOUSDT": 1772486989.1025152, "IOTXUSDT": 1772486991.7945552, "ATOMUSDT": 1772486994.4877217, "ZROUSDT": 1772486997.1771293}