{"IPUSDT": 1772502577.163539, "NEARUSDT": 1772502579.689441, "BLASTUSDT": 1772502582.224352, "USUALUSDT": 1772502584.748693, "VVVUSDT": 1772502587.269397, "GOATUSDT": 1772502589.818255, "SAHARAUSDT": 1772502592.3451817, "APTUSDT": 1772502594.8680418, "ROSEUSDT": 1772502597.3999135, "IOTXUSDT": 1772502599.934633, "ENSOUSDT": 1772502602.4556031, "ATOMUSDT": 1772502605.0016575, "INXUSDT": 1772502607.5257409, "LUNCUSDT": 1772502610.0515106, "SENTUSDT": 1772502612.58309}