{"VVVUSDT": 1772422964.3319619, "IOTXUSDT": 1772422966.8628175, "LDOUSDT": 1772422969.4643188, "NEARUSDT": 1772422971.9882665, "LYNUSDT": 1772422974.514813, "POLUSDT": 1772422977.0556464, "ATHUSDT": 1772422979.575131, "PUMPUSDT": 1772422982.1035573, "REZUSDT": 1772422984.651766, "DENTUSDT": 1772422987.1799788, "SAHARAUSDT": 1772422989.7105381, "AVNTUSDT": 1772422992.2467582, "CYBERUSDT": 1772422994.775061, "AXSUSDT": 1772422997.3057272, "BSVUSDT": 1772422999.8344467}