{"EIGENUSDT": 1773201228.5606337, "COMPUSDT": 1773201231.557274, "POLUSDT": 1773201234.5590074, "DYDXUSDT": 1773201237.1891093, "STRKUSDT": 1773201240.1776085, "BOMEUSDT": 1773201242.7815554, "KASUSDT": 1773201245.8006053, "VIRTUALUSDT": 1773201248.4159558, "ATOMUSDT": 1773201251.423146, "GRASSUSDT": 1773201254.093915, "AVAXUSDT": 1773201257.0800104, "TIAUSDT": 1773201260.0685995, "FETUSDT": 1773201263.0792131, "CFXUSDT": 1773201266.0744689, "TNSRUSDT": 1773201268.678776, "XLMUSDT": 1773202641.7243004, "LINKUSDT": 1773202644.9102354, "MAGICUSDT": 1773202647.5909796, "ETCUSDT": 1773202650.2918632, "LDOUSDT": 1773202653.560285, "PENDLEUSDT": 1773202656.2514925, "GIGGLEUSDT": 1773203372.9333239, "USELESSUSDT": 1773203375.5714247, "ESPUSDT": 1773203378.2213256, "2ZUSDT": 1773203381.288996, "IPUSDT": 1773203384.3599112, "ARUSDT": 1773203387.4231007, "ROBOUSDT": 1773203390.069945, "ZROUSDT": 1773203392.7225208, "MSFTUSDT": 1773203395.778878, "XPDUSDT": 1773203398.8501346, "BCHUSDT": 1773203401.8950841, "ALCHUSDT": 1773203404.958186, "MUUSDT": 1773203407.693312, "PENGUUSDT": 1773203410.345457, "GWEIUSDT": 1773203412.9810972}