{"XMRUSDT": 1773215665.8247192, "ARUSDT": 1773215668.330982, "KASUSDT": 1773215671.1413128, "SANDUSDT": 1773215673.689114, "PEOPLEUSDT": 1773215676.2014513, "DYDXUSDT": 1773215678.7087295, "GRASSUSDT": 1773215681.2594535, "CHZUSDT": 1773215684.0528736, "ICPUSDT": 1773215686.554257, "FETUSDT": 1773215689.082077, "RENDERUSDT": 1773215691.745448, "TNSRUSDT": 1773215694.2493653, "CFXUSDT": 1773215697.0412, "ORDIUSDT": 1773215699.5617044, "MAGICUSDT": 1773215702.2381563, "MUUSDT": 1773217761.0684218, "STRKUSDT": 1773217764.3964734, "ASTERUSDT": 1773217767.5062735, "SUSDT": 1773217770.593882, "COMPUSDT": 1773217773.300437, "MSTRUSDT": 1773217776.4322093, "PLTRUSDT": 1773217779.5348983, "GWEIUSDT": 1773217782.6924798, "SOMIUSDT": 1773217785.8464534, "IPUSDT": 1773217788.9643307, "ALICEUSDT": 1773217791.6478932, "INTCUSDT": 1773217794.82346, "APRUSDT": 1773217797.5097928, "ETCUSDT": 1773217800.1914945, "DEXEUSDT": 1773217802.8843875}