{"VTHOUSDT": 1773381684.7844124, "1000RATSUSDT": 1773384970.3032634, "1MBABYDOGEUSDT": 1773384973.7381365, "ALTUSDT": 1773384990.4800365, "AVAXUSDT": 1773385009.0776083, "BANANAS31USDT": 1773385017.8464847, "BIGTIMEUSDT": 1773385027.4395297, "C98USDT": 1773385040.6536205, "CLOUSDT": 1773385047.595061, "CRCLUSDT": 1773385053.601931, "CVCUSDT": 1773385058.778464, "DENTUSDT": 1773385064.8262527, "DOLOUSDT": 1773385068.391222, "ETHUSDT": 1773385083.654273, "HOODUSDT": 1773385110.3504093, "HUSDT": 1773385111.9265182, "IOTXUSDT": 1773385124.3319, "IPUSDT": 1773385126.8044825, "JCTUSDT": 1773385129.4198315, "KAVAUSDT": 1773385136.3370452, "LDOUSDT": 1773385143.6194751, "LINKUSDT": 1773385147.00545, "LTCUSDT": 1773385151.2323525, "MANTRAUSDT": 1773385158.994477, "MERLUSDT": 1773385165.9345424, "MINAUSDT": 1773385171.0322552, "MMTUSDT": 1773385172.5930772, "MSTRUSDT": 1773385179.477633, "NILUSDT": 1773385189.122007, "NOMUSDT": 1773385191.619776, "PIEVERSEUSDT": 1773385209.686597, "QQQUSDT": 1773385221.9384117, "REZUSDT": 1773385229.8565326, "ROSEUSDT": 1773385233.2028606, "RPLUSDT": 1773385234.796622, "SAHARAUSDT": 1773385238.9823263, "SAPIENUSDT": 1773385241.5064085, "SLPUSDT": 1773385250.3153403, "SOLUSDT": 1773385252.7933154, "SPKUSDT": 1773385258.7767413, "SPYUSDT": 1773385261.249692, "STABLEUSDT": 1773385264.7406151, "STBLUSDT": 1773385266.352352, "STEEMUSDT": 1773385268.1099591, "SUNUSDT": 1773385273.5480373, "TAOUSDT": 1773385281.8215616, "TIAUSDT": 1773385285.3082848, "TONUSDT": 1773385287.843412, "TOWNSUSDT": 1773385290.3423097, "TRXUSDT": 1773385294.9907434, "TUSDT": 1773385297.6696024, "USUALUSDT": 1773385305.5045097, "WAXPUSDT": 1773385316.0994833, "WIFUSDT": 1773385319.5830655, "WLFIUSDT": 1773385322.2166686, "WOOUSDT": 1773385323.804946, "WUSDT": 1773385325.5522048, "XAIUSDT": 1773385328.6311703, "YGGUSDT": 1773385339.8284252, "ZKJUSDT": 1773385348.6448827, "ZKPUSDT": 1773385351.069789}