{"AIXBTUSDT": 1772600645.039524, "BLASTUSDT": 1772600647.5680974, "ICPUSDT": 1772600650.0977314, "MEMEUSDT": 1772600652.6566904, "IOUSDT": 1772600655.1831546, "GPSUSDT": 1772600657.7054694, "WIFUSDT": 1772600660.2376385, "AKTUSDT": 1772600662.7542202, "MOVEUSDT": 1772600665.2808368, "STABLEUSDT": 1772600667.8044078, "DENTUSDT": 1772600670.3404248, "SPKUSDT": 1772600672.8693972, "ORCAUSDT": 1772600675.3928478, "SAHARAUSDT": 1772600677.9129474, "VIRTUALUSDT": 1772600680.43672}