{"MSTRUSDT": 1773240281.1613717, "HOODUSDT": 1773240283.8104033, "MSFTUSDT": 1773240286.4717968, "COINUSDT": 1773240289.60877, "STRKUSDT": 1773240292.609393, "WETUSDT": 1773240295.6397827, "PENGUUSDT": 1773240298.6659412, "AAVEUSDT": 1773240301.295472, "TRUMPUSDT": 1773240304.347567, "GRASSUSDT": 1773240307.491881, "RPLUSDT": 1773240310.518947, "DEEPUSDT": 1773240313.5448654, "MUUSDT": 1773240316.68886, "LTCUSDT": 1773240319.7580569, "BRETTUSDT": 1773240322.3795688}