{"USUALUSDT": 1772475041.453232, "AAVEUSDT": 1772475044.1837544, "VVVUSDT": 1772475047.0172086, "YGGUSDT": 1772475049.7105134, "ENSOUSDT": 1772475052.400158, "SAHARAUSDT": 1772475055.0663145, "CYBERUSDT": 1772475057.7438047, "SANDUSDT": 1772475060.4148285, "PUMPUSDT": 1772475063.0803971, "APEUSDT": 1772475065.7633512, "JASMYUSDT": 1772475068.4355314, "ATHUSDT": 1772475071.0906067, "OPUSDT": 1772475073.7688932, "GOATUSDT": 1772475076.4349136, "SPKUSDT": 1772475079.0877607}