{"ORCAUSDT": 1772712551.7995808, "COWUSDT": 1772712554.520703, "HOLOUSDT": 1772712557.2304754, "SUPERUSDT": 1772712559.936991, "PEOPLEUSDT": 1772712562.5833397, "MIRAUSDT": 1772712565.2160103, "AGLDUSDT": 1772712567.8589492, "IOTXUSDT": 1772712570.5029805, "RPLUSDT": 1772712573.1247656, "VVVUSDT": 1772712575.767803, "MAGICUSDT": 1772712578.4545293, "ZKCUSDT": 1772712581.0754523, "DENTUSDT": 1772712583.7156663, "SOMIUSDT": 1772712586.3695893, "STEEMUSDT": 1772712589.0178497}