{"SENTUSDT": 1772784122.2761703, "DEEPUSDT": 1772784124.8279808, "AGLDUSDT": 1772784127.375305, "ZROUSDT": 1772784129.9284194, "ARUSDT": 1772784132.4798687, "ZETAUSDT": 1772784135.0540586, "STRKUSDT": 1772784137.6053176, "CYBERUSDT": 1772784140.1642094, "ZORAUSDT": 1772784142.714004, "IOTXUSDT": 1772784145.271006, "GPSUSDT": 1772784147.8290827, "SLPUSDT": 1772784150.3778958, "ARPAUSDT": 1772784152.9312816, "AXSUSDT": 1772784155.4928038, "ANKRUSDT": 1772784158.0429351}