{"BREVUSDT": 1772425483.90918, "ZROUSDT": 1772425486.4027634, "AZTECUSDT": 1772425488.9352818, "PUMPUSDT": 1772425491.4737818, "APTUSDT": 1772425493.9697733, "KASUSDT": 1772425496.4660656, "POLUSDT": 1772425498.959271, "DOTUSDT": 1772425501.4584932, "APEUSDT": 1772425503.9558043, "JTOUSDT": 1772425506.4471502, "NOMUSDT": 1772425508.940921, "WIFUSDT": 1772425511.4645, "CYBERUSDT": 1772425514.033284, "STEEMUSDT": 1772425516.529462, "INITUSDT": 1772425519.0241659}