{"COWUSDT": 1772695961.1805596, "HOLOUSDT": 1772695963.8454432, "IOTXUSDT": 1772695966.5306878, "SKRUSDT": 1772695969.302522, "VVVUSDT": 1772695971.9461648, "PIPPINUSDT": 1772695974.619262, "FILUSDT": 1772695977.3048575, "RPLUSDT": 1772695979.9718847, "ORCAUSDT": 1772695982.6615748, "ESPUSDT": 1772695985.322669, "ZORAUSDT": 1772695987.9647489, "SAHARAUSDT": 1772695990.6611493, "LAUSDT": 1772695993.3158255, "DENTUSDT": 1772695995.95925, "ZETAUSDT": 1772695998.64271}