{"HOLOUSDT": 1772705841.5118775, "ZKCUSDT": 1772705844.0559888, "ENSOUSDT": 1772705846.612869, "DENTUSDT": 1772705849.155192, "SUPERUSDT": 1772705851.6957517, "COWUSDT": 1772705854.2233498, "MAGICUSDT": 1772705856.7929065, "SOMIUSDT": 1772705859.350182, "IOTXUSDT": 1772705861.8732452, "ESPUSDT": 1772705864.470338, "MIRAUSDT": 1772705867.001666, "SAHARAUSDT": 1772705869.5376647, "GPSUSDT": 1772705872.0841117, "IPUSDT": 1772705874.6692154, "SENTUSDT": 1772705877.213758}