{"TONUSDT": 1773137567.393737, "PIEVERSEUSDT": 1773137570.4704359, "DOTUSDT": 1773137573.5739386, "JSTUSDT": 1773137576.6718733, "MONUSDT": 1773137579.759155, "ETCUSDT": 1773137582.4285653, "ENSUSDT": 1773137585.0949996, "STXUSDT": 1773137588.2033603, "ASTERUSDT": 1773137591.313029, "ALICEUSDT": 1773137594.3620424, "LINKUSDT": 1773137597.4719937, "IPUSDT": 1773137600.635125, "MUUSDT": 1773137603.2854388, "SPACEUSDT": 1773137606.401477, "LINEAUSDT": 1773137609.501125}