{"SPYUSDT": 1773164607.278285, "ENSUSDT": 1773164610.0789301, "TSLAUSDT": 1773164612.90852, "PLTRUSDT": 1773164615.7264042, "COMPUSDT": 1773164618.5243325, "KITEUSDT": 1773164621.0360043, "2ZUSDT": 1773164623.8357556, "USELESSUSDT": 1773164626.8029022, "DOTUSDT": 1773164629.6107543, "CAKEUSDT": 1773164632.4129856, "IPUSDT": 1773164635.2007396, "METAUSDT": 1773164637.997591, "MSFTUSDT": 1773164640.7978516, "XPDUSDT": 1773164643.5860698, "LTCUSDT": 1773164646.3863232}