{"SOMIUSDT": [{"ts": 1772354720.4577827, "funding": 2.8e-05}], "UAIUSDT": [{"ts": 1772354721.914067, "funding": 5e-05}], "SPACEUSDT": [{"ts": 1772354723.4279625, "funding": -1.3e-05}], "IPUSDT": [{"ts": 1772354724.9337456, "funding": -2.4e-05}], "AINUSDT": [{"ts": 1772354726.4363046, "funding": 5e-05}], "GRTUSDT": [{"ts": 1772354727.919994, "funding": 0.0001}], "CTKUSDT": [{"ts": 1772354729.4024181, "funding": -0.000307}], "SSVUSDT": [{"ts": 1772354730.8887377, "funding": 0.0001}], "MOODENGUSDT": [{"ts": 1772354732.418445, "funding": 5e-05}], "NIGHTUSDT": [{"ts": 1772354733.934969, "funding": 5e-05}], "VETUSDT": [{"ts": 1772354735.4481716, "funding": 0.0001}], "METAUSDT": [{"ts": 1772354736.9629054, "funding": 0.0001}], "LIGHTUSDT": [{"ts": 1772354738.5709357, "funding": 0.000682}], "WIFUSDT": [{"ts": 1772354740.0562525, "funding": 5e-05}], "FIGHTUSDT": [{"ts": 1772354741.574918, "funding": 5e-05}], "POPCATUSDT": [{"ts": 1772354743.0512884, "funding": 5e-05}], "LABUSDT": [{"ts": 1772354744.5272365, "funding": 5e-05}], "PIPPINUSDT": [{"ts": 1772354745.9937477, "funding": -0.0002}], "KAIAUSDT": [{"ts": 1772354747.4749243, "funding": 5e-05}], "POLYXUSDT": [{"ts": 1772354748.9626148, "funding": -0.000147}], "ZKCUSDT": [{"ts": 1772354750.434198, "funding": -0.000162}], "STEEMUSDT": [{"ts": 1772354751.9325957, "funding": -0.001283}], "NAORISUSDT": [{"ts": 1772354753.4139438, "funding": 5e-05}], "KGENUSDT": [{"ts": 1772354754.912249, "funding": 5e-05}], "LDOUSDT": [{"ts": 1772354756.4297647, "funding": 9.6e-05}], "WCTUSDT": [{"ts": 1772354757.9075391, "funding": 5e-05}], "SIGNUSDT": [{"ts": 1772354759.3845532, "funding": 5e-05}], "XPINUSDT": [{"ts": 1772354760.905164, "funding": 5e-05}], "SPXUSDT": [{"ts": 1772354762.4116652, "funding": -0.000289}], "MUBARAKUSDT": [{"ts": 1772354763.9104521, "funding": 5e-05}], "BLESSUSDT": [{"ts": 1772354765.363277, "funding": 5e-05}], "BGBUSDT": [{"ts": 1772354766.8130844, "funding": 0.0001}], "CHZUSDT": [{"ts": 1772354768.2783074, "funding": 0.0001}], "KITEUSDT": [{"ts": 1772354769.7672048, "funding": -0.000325}], "CROUSDT": [{"ts": 1772354771.2189817, "funding": 0.0001}], "CYBERUSDT": [{"ts": 1772354772.9240563, "funding": -0.000479}], "POLUSDT": [{"ts": 1772354774.3961823, "funding": -0.000296}], "FFUSDT": [{"ts": 1772354775.9313843, "funding": 5e-05}], "CAKEUSDT": [{"ts": 1772354777.4013133, "funding": -3.2e-05}], "NEARUSDT": [{"ts": 1772354778.8755891, "funding": -0.000382}], "TONUSDT": [{"ts": 1772354780.437007, "funding": -0.000278}], "THETAUSDT": [{"ts": 1772354781.9057276, "funding": 0.0001}], "ARUSDT": [{"ts": 1772354783.3863473, "funding": 3.9e-05}], "SKYUSDT": [{"ts": 1772354784.846145, "funding": 5e-05}], "FUNUSDT": [{"ts": 1772354786.3203843, "funding": 5e-05}], "GASUSDT": [{"ts": 1772354787.7883246, "funding": -0.000113}], "BLURUSDT": [{"ts": 1772354789.2691715, "funding": 0.0001}], "FARTCOINUSDT": [{"ts": 1772354790.741306, "funding": 3.6e-05}], "AAVEUSDT": [{"ts": 1772354792.2192667, "funding": -0.00014}], "ALCHUSDT": [{"ts": 1772354793.6961179, "funding": 5e-05}], "AVNTUSDT": [{"ts": 1772354795.1780703, "funding": -0.000556}], "ORCAUSDT": [{"ts": 1772354796.6786854, "funding": -0.00023}], "LAUSDT": [{"ts": 1772354798.1649282, "funding": -0.000151}], "RAVEUSDT": [{"ts": 1772354799.680983, "funding": 5e-05}], "AIOUSDT": [{"ts": 1772354801.1458628, "funding": 5e-05}], "ENAUSDT": [{"ts": 1772354802.6371753, "funding": 5e-05}], "ATHUSDT": [{"ts": 1772354804.090038, "funding": -0.001558}], "WAXPUSDT": [{"ts": 1772354805.6122959, "funding": 5e-05}], "SNXUSDT": [{"ts": 1772354807.0743546, "funding": -0.000151}], "JCTUSDT": [{"ts": 1772354808.539507, "funding": 5e-05}], "BCHUSDT": [{"ts": 1772354810.0163548, "funding": -0.000118}], "COINUSDT": [{"ts": 1772354811.4928594, "funding": 0.004858}], "ZROUSDT": [{"ts": 1772354812.9657354, "funding": -3.3e-05}], "JASMYUSDT": [{"ts": 1772354814.4392793, "funding": -8.9e-05}], "SONICUSDT": [{"ts": 1772354815.9258478, "funding": 5e-05}], "AEROUSDT": [{"ts": 1772354817.422792, "funding": 5e-05}], "PENDLEUSDT": [{"ts": 1772354818.909469, "funding": -0.000124}], "AGLDUSDT": [{"ts": 1772354820.3698087, "funding": -0.000732}], "HBARUSDT": [{"ts": 1772354821.864318, "funding": -0.000127}], "KSMUSDT": [{"ts": 1772354823.321519, "funding": 0.0001}], "WLFIUSDT": [{"ts": 1772354824.7860699, "funding": 2e-05}], "INITUSDT": [{"ts": 1772354826.2654872, "funding": -0.000783}], "BSVUSDT": [{"ts": 1772354827.7651484, "funding": -0.00019}], "SANDUSDT": [{"ts": 1772354829.3934848, "funding": 0.0001}], "ONTUSDT": [{"ts": 1772354830.8857684, "funding": 5e-05}], "BANANAS31USDT": [{"ts": 1772354832.3642416, "funding": 5e-05}], "INXUSDT": [{"ts": 1772354833.857252, "funding": 5e-05}], "CRVUSDT": [{"ts": 1772354835.3514917, "funding": 0.0001}], "QNTUSDT": [{"ts": 1772354836.8165486, "funding": -0.00029}], "BEATUSDT": [{"ts": 1772354838.2933388, "funding": 0.000168}], "HAEDALUSDT": [{"ts": 1772354839.7516026, "funding": 5e-05}], "MEMEUSDT": [{"ts": 1772354841.5138783, "funding": -0.000155}], "MOVRUSDT": [{"ts": 1772354843.0047257, "funding": 5e-05}], "GWEIUSDT": [{"ts": 1772354844.4924173, "funding": 0.000285}], "BRETTUSDT": [{"ts": 1772354845.9463267, "funding": 5e-05}], "XLMUSDT": [{"ts": 1772354847.401243, "funding": 0.0001}], "NOMUSDT": [{"ts": 1772354848.8887753, "funding": -0.000792}], "ANKRUSDT": [{"ts": 1772354850.3463843, "funding": 0.0001}], "RIVERUSDT": [{"ts": 1772354851.8322873, "funding": 2.8e-05}], "BUSDT": [{"ts": 1772354853.2698083, "funding": 1.6e-05}], "ZAMAUSDT": [{"ts": 1772354854.737824, "funding": 3.7e-05}], "1MBABYDOGEUSDT": [{"ts": 1772354856.219296, "funding": 5e-05}], "DRIFTUSDT": [{"ts": 1772354857.6835449, "funding": 5e-05}], "FOLKSUSDT": [{"ts": 1772354859.1762438, "funding": -0.001518}], "ENJUSDT": [{"ts": 1772354860.6512384, "funding": -0.000438}], "ESPUSDT": [{"ts": 1772354862.1482313, "funding": -0.001383}], "1000SATSUSDT": [{"ts": 1772354863.648389, "funding": 5e-05}], "FIDAUSDT": [{"ts": 1772354865.1420326, "funding": 4.4e-05}], "METISUSDT": [{"ts": 1772354866.6371539, "funding": 5e-05}], "MELANIAUSDT": [{"ts": 1772354868.1225505, "funding": 5e-05}], "OPUSDT": [{"ts": 1772354869.6151288, "funding": 0.0001}], "AVAXUSDT": [{"ts": 1772354871.0924127, "funding": 0.0001}], "FLOCKUSDT": [{"ts": 1772354872.569519, "funding": 5e-05}], "TRIAUSDT": [{"ts": 1772354874.049115, "funding": 5e-05}], "ZKPUSDT": [{"ts": 1772354875.5297449, "funding": -6.1e-05}], "TUSDT": [{"ts": 1772354876.9977362, "funding": 5e-05}], "PUMPUSDT": [{"ts": 1772354878.5033002, "funding": -0.000139}], "ICPUSDT": [{"ts": 1772354879.9676807, "funding": -6.8e-05}], "TOSHIUSDT": [{"ts": 1772354881.4326675, "funding": -0.000778}], "NXPCUSDT": [{"ts": 1772354882.9005263, "funding": 6e-06}], "AIXBTUSDT": [{"ts": 1772354884.42951, "funding": -0.000175}], "TOWNSUSDT": [{"ts": 1772354885.914199, "funding": 5e-05}], "CYSUSDT": [{"ts": 1772354887.4154048, "funding": 5e-05}], "BERAUSDT": [{"ts": 1772354888.914944, "funding": -9.5e-05}], "MYXUSDT": [{"ts": 1772354890.4017684, "funding": 0.000178}], "UBUSDT": [{"ts": 1772354891.851201, "funding": 5e-05}], "APEUSDT": [{"ts": 1772354893.3611338, "funding": 0.0001}], "MOCAUSDT": [{"ts": 1772354894.8538916, "funding": 5e-05}], "BANKUSDT": [{"ts": 1772354896.3337197, "funding": 5e-05}], "STRKUSDT": [{"ts": 1772354897.8106203, "funding": -7e-06}], "IOTXUSDT": [{"ts": 1772354899.256255, "funding": 6.4e-05}], "MEUSDT": [{"ts": 1772354900.7773166, "funding": -0.000437}], "ICNTUSDT": [{"ts": 1772354902.4159117, "funding": 5e-05}], "ZKJUSDT": [{"ts": 1772354903.9277248, "funding": 5e-05}], "VINEUSDT": [{"ts": 1772354905.4154472, "funding": 5e-05}], "ATOMUSDT": [{"ts": 1772354906.9160442, "funding": -0.000425}], "ELSAUSDT": [{"ts": 1772354908.3852239, "funding": -0.0002}], "FOGOUSDT": [{"ts": 1772354909.842437, "funding": -3.3e-05}], "APTUSDT": [{"ts": 1772354911.3129582, "funding": 8.7e-05}], "ONDOUSDT": [{"ts": 1772354912.7767193, "funding": 5e-05}],